model_name,sampling_strategy,remasking_strategy,PDB_date_inv_fold_seq_recovery_mean(std),PDB_date_inv_fold_seq_recovery_median,PDB_date_bb_tmscore_mean(std),PDB_date_bb_tmscore_median,PDB_date_mean_plddt_mean(std),PDB_date_mean_plddt_median,PDB_date_ca_rmsd_mean(std),PDB_date_ca_rmsd_median,PDB_date_bb_rmsd_mean(std),PDB_date_bb_rmsd_median,cameo2022_inv_fold_seq_recovery_mean(std),cameo2022_inv_fold_seq_recovery_median,cameo2022_bb_tmscore_mean(std),cameo2022_bb_tmscore_median,cameo2022_mean_plddt_mean(std),cameo2022_mean_plddt_median,cameo2022_ca_rmsd_mean(std),cameo2022_ca_rmsd_median,cameo2022_bb_rmsd_mean(std),cameo2022_bb_rmsd_median
dplm2_150m,annealing@2.0:0.1,cond,0.4961(0.1163),0.4866,0.8949(0.1287),0.9457,77.2856(12.5150),81.0654,4.2756(6.5602),2.0055,4.2210(6.5529),1.9599,0.4405(0.1173),0.4590,0.8434(0.1732),0.9155,74.7622(13.5997),78.3517,6.1719(5.7269),3.9902,6.1073(5.7184),3.9650
dplm2_150m,annealing@2.0:0.1,no_remask,0.5018(0.1144),0.4938,0.8970(0.1290),0.9480,77.4694(12.6570),81.2207,4.2078(6.4578),2.0363,4.1554(6.4496),1.9893,0.4448(0.1165),0.4585,0.8460(0.1710),0.9225,75.4605(13.2026),79.7325,6.3880(5.9833),3.9119,6.3267(5.9767),3.8493
dplm2_150m,annealing@2.0:0.1,uncond,0.4907(0.1192),0.4823,0.8894(0.1368),0.9449,76.5978(13.2436),80.8736,4.3322(6.6074),2.0122,4.2766(6.5995),1.9634,0.4339(0.1225),0.4444,0.8343(0.1829),0.9173,74.5732(13.5849),78.0104,6.9813(7.5161),4.2368,6.9203(7.5119),4.1516
dplm2_150m,argmax,cond,0.4998(0.1164),0.4899,0.8973(0.1301),0.9480,77.3234(12.7719),81.0448,4.1403(6.4068),1.9677,4.0869(6.3989),1.9259,0.4419(0.1191),0.4606,0.8414(0.1718),0.9163,74.8717(13.5452),78.2315,6.5438(7.0684),4.2543,6.4814(7.0629),4.1685
dplm2_150m,argmax,no_remask,0.5010(0.1149),0.4911,0.8971(0.1316),0.9489,77.4943(12.8108),81.0799,4.1202(6.3883),1.9215,4.0669(6.3797),1.8836,0.4449(0.1163),0.4599,0.8456(0.1715),0.9206,75.2966(12.9406),79.2656,6.3721(5.9790),4.1196,6.3113(5.9717),4.0959
dplm2_150m,argmax,uncond,0.4988(0.1168),0.4903,0.8946(0.1336),0.9461,77.3205(12.9046),81.0223,4.1806(6.4480),1.9632,4.1271(6.4393),1.9111,0.4419(0.1192),0.4535,0.8388(0.1785),0.9156,74.8248(13.3549),78.9236,6.9416(8.7218),4.3081,6.8800(8.7202),4.2076
dplm2_3b,annealing@2.0:0.1,cond,0.6157(0.1784),0.5852,0.9197(0.1124),0.9594,81.3636(10.5254),84.8123,3.1720(5.8668),1.5627,3.1266(5.8606),1.5259,0.5139(0.1467),0.5383,0.8711(0.1499),0.9293,79.7829(10.4664),81.6855,5.1227(5.0538),3.6235,5.0702(5.0485),3.5417
dplm2_3b,annealing@2.0:0.1,no_remask,0.6182(0.1771),0.5885,0.9196(0.1156),0.9602,81.6510(10.3307),84.8386,3.2677(6.0637),1.5025,3.2227(6.0571),1.4569,0.5196(0.1412),0.5474,0.8712(0.1510),0.9316,79.5938(10.6007),81.8790,5.1039(5.1286),3.5398,5.0498(5.1223),3.5009
dplm2_3b,annealing@2.0:0.1,uncond,0.6134(0.1797),0.5844,0.9184(0.1134),0.9578,81.6364(9.9469),84.6751,3.2493(6.0551),1.5048,3.2030(6.0484),1.4674,0.5091(0.1499),0.5309,0.8718(0.1480),0.9298,79.7717(9.5226),81.7960,5.1743(5.3229),3.6218,5.1205(5.3173),3.5101
dplm2_3b,argmax,cond,0.6159(0.1769),0.5868,0.9178(0.1148),0.9605,81.5693(10.3022),84.8141,3.2658(6.0435),1.5158,3.2196(6.0373),1.4700,0.5146(0.1454),0.5369,0.8698(0.1530),0.9300,79.8329(10.2380),82.1595,5.0849(5.0733),3.4644,5.0335(5.0669),3.4275
dplm2_3b,argmax,no_remask,0.6167(0.1766),0.5872,0.9186(0.1150),0.9608,81.6649(10.3081),84.9422,3.2399(5.9989),1.4686,3.1951(5.9929),1.4336,0.5177(0.1442),0.5391,0.8656(0.1572),0.9319,79.9789(10.0282),82.3101,5.1518(5.0942),3.4804,5.1017(5.0879),3.4558
dplm2_3b,argmax,uncond,0.6158(0.1772),0.5867,0.9187(0.1152),0.9607,81.5974(10.4214),84.9052,3.2238(6.0011),1.4699,3.1789(5.9950),1.4336,0.5153(0.1449),0.5337,0.8687(0.1525),0.9305,79.8438(10.0811),82.1695,5.1384(5.1517),3.6279,5.0869(5.1452),3.6539
dplm2_650m,annealing@2.0:0.1,cond,0.5516(0.1424),0.5352,0.9123(0.1155),0.9548,80.2315(11.1978),83.3781,3.4469(6.0267),1.6964,3.3994(6.0218),1.6677,0.4771(0.1304),0.4931,0.8587(0.1589),0.9253,77.9753(11.7237),81.2230,5.2968(5.0380),3.7675,5.2401(5.0294),3.7170
dplm2_650m,annealing@2.0:0.1,no_remask,0.5575(0.1402),0.5432,0.9127(0.1198),0.9560,80.2968(11.6976),83.8052,3.4244(6.0710),1.7053,3.3770(6.0654),1.6512,0.4822(0.1307),0.5000,0.8639(0.1579),0.9302,77.5147(12.0461),81.0651,5.4844(5.0893),3.8901,5.4280(5.0807),3.8573
dplm2_650m,annealing@2.0:0.1,uncond,0.5477(0.1454),0.5309,0.9120(0.1184),0.9540,79.9887(11.7678),83.4996,3.5316(6.0945),1.7280,3.4833(6.0878),1.6706,0.4744(0.1336),0.5000,0.8568(0.1646),0.9309,78.0607(11.6450),81.5406,5.3834(5.0027),3.7558,5.3228(4.9940),3.7054
dplm2_650m,argmax,cond,0.5570(0.1404),0.5413,0.9098(0.1217),0.9544,80.1383(11.4935),83.2707,3.4445(6.1563),1.7043,3.3965(6.1507),1.6540,0.4821(0.1339),0.5066,0.8626(0.1640),0.9339,77.7164(12.2972),81.5608,5.5271(5.3581),3.8502,5.4715(5.3519),3.8176
dplm2_650m,argmax,no_remask,0.5573(0.1405),0.5401,0.9114(0.1194),0.9585,80.1100(11.8196),83.4371,3.4372(6.0127),1.7212,3.3904(6.0069),1.6786,0.4828(0.1313),0.5000,0.8624(0.1620),0.9301,77.9263(11.8707),81.4655,5.4280(5.1698),3.8394,5.3743(5.1628),3.7533
dplm2_650m,argmax,uncond,0.5570(0.1405),0.5413,0.9129(0.1160),0.9569,80.1534(11.6162),83.2481,3.4740(6.1220),1.6821,3.4263(6.1161),1.6153,0.4816(0.1339),0.5077,0.8613(0.1611),0.9300,77.6337(12.3520),81.5608,5.6258(5.3725),3.9804,5.5687(5.3637),3.9304
dplm2_bit_650m,annealing@2.0:0.1,cond,0.7818(0.2061),0.8664,0.9275(0.1171),0.9677,82.1544(10.6820),85.5431,2.8824(5.7909),1.3500,2.8398(5.7847),1.3053,0.5301(0.2090),0.4962,0.8641(0.1531),0.9273,77.9400(11.0773),80.6699,5.3305(5.1921),3.5203,5.2739(5.1846),3.4693
dplm2_bit_650m,annealing@2.0:0.1,no_remask,0.7829(0.2041),0.8604,0.9254(0.1194),0.9656,82.1110(10.8156),85.4953,2.9301(5.8798),1.3894,2.8866(5.8736),1.3348,0.5345(0.2061),0.5000,0.8670(0.1445),0.9279,77.9154(11.1968),80.6015,5.2446(5.1301),3.4574,5.1920(5.1237),3.4002
dplm2_bit_650m,annealing@2.0:0.1,uncond,0.7815(0.2059),0.8629,0.9263(0.1166),0.9653,82.0906(10.8891),85.4518,2.9153(5.8266),1.3638,2.8727(5.8205),1.3308,0.5276(0.2110),0.4924,0.8647(0.1507),0.9296,77.2799(11.5822),80.4646,5.3797(5.3169),3.5604,5.3231(5.3101),3.5178
dplm2_bit_650m,argmax,cond,0.7826(0.2048),0.8652,0.9248(0.1202),0.9649,81.9605(11.2616),85.4738,2.9845(5.8671),1.3570,2.9421(5.8608),1.3271,0.5328(0.2062),0.5000,0.8659(0.1437),0.9254,77.7351(11.4104),80.4360,5.3649(5.3527),3.5905,5.3082(5.3466),3.5251
dplm2_bit_650m,argmax,no_remask,0.7825(0.2048),0.8669,0.9246(0.1199),0.9649,82.0125(11.2338),85.6235,2.9913(5.8868),1.3537,2.9487(5.8804),1.3193,0.5332(0.2062),0.5000,0.8674(0.1434),0.9283,77.7694(11.1721),80.4033,5.2417(5.0939),3.5162,5.1850(5.0873),3.4902
dplm2_bit_650m,argmax,uncond,0.7825(0.2047),0.8650,0.9248(0.1208),0.9649,81.9886(11.2033),85.5431,2.9870(5.8673),1.3737,2.9446(5.8613),1.3302,0.5328(0.2060),0.5000,0.8670(0.1426),0.9268,77.7483(11.2783),80.4273,5.3623(5.3584),3.5554,5.3055(5.3531),3.5251
