exp_name,dataset,model_name,sampling_strategy,remasking_strategy,num_samples,ca_rmsd_mean,ca_rmsd_median,ca_rmsd_std,bb_rmsd_mean,bb_rmsd_median,bb_rmsd_std,bb_tmscore_mean,bb_tmscore_median,bb_tmscore_std,mean_plddt_mean,mean_plddt_median,mean_plddt_std,inv_fold_seq_recovery_mean,inv_fold_seq_recovery_median,inv_fold_seq_recovery_std,pmpnn_seq_recovery_mean,pmpnn_seq_recovery_median,pmpnn_seq_recovery_std,pmpnn_bb_rmsd_mean,pmpnn_bb_rmsd_median,pmpnn_bb_rmsd_std,length_mean,length_median,length_std,helix_percent_mean,helix_percent_median,helix_percent_std,strand_percent_mean,strand_percent_median,strand_percent_std
inv_folding_reproduction,cameo2022,dplm2_150m,argmax,uncond,183,6.941588830779815,4.308052840882495,8.721796320795844,6.8799909194780735,4.207557550082305,8.720205337203287,0.8387634029638573,0.9156251984547008,0.1785464805514154,74.8247857015641,78.92355346679688,13.354906418969971,0.44187953233556015,0.4534883797168731,0.11924820790945621,0.0,0.0,0.0,0.0,0.0,0.0,247.4863387978142,230.0,147.49007034923713,0.36581851695704876,0.3679458239277652,0.20679038132576902,0.2193834467501216,0.2098445595854922,0.1489098716359812
inv_folding_reproduction,cameo2022,dplm2_150m,annealing@2.0:0.1,uncond,183,6.9812567772472125,4.236776248494087,7.516078876934986,6.920342861882926,4.15159048077855,7.511897562942354,0.8343481151522726,0.9173085526939588,0.18291520882502782,74.57315295902106,78.01038360595703,13.58490452657088,0.4339449900746997,0.4444444477558136,0.12252864552119574,0.0,0.0,0.0,0.0,0.0,0.0,247.4863387978142,230.0,147.49007034923713,0.36580200449747025,0.3679458239277652,0.2069134861506105,0.21952376248886368,0.2098445595854922,0.14905853805680905
inv_folding_reproduction,cameo2022,dplm2_650m,annealing@2.0:0.1,uncond,183,5.383439155043248,3.7557556601018094,5.002741696089972,5.322813081209868,3.705403862910134,4.994044933734342,0.8567720469333293,0.9308813704040896,0.16456105814279104,78.06073581716402,81.54063415527344,11.644953083213856,0.4743759879038308,0.5,0.13362402891469258,0.0,0.0,0.0,0.0,0.0,0.0,247.4863387978142,230.0,147.49007034923713,0.36577949152819444,0.3679012345679012,0.2068989444255005,0.21904708905627618,0.2060301507537688,0.14889128981153046
inv_folding_reproduction,PDB_date,dplm2_150m,annealing@2.0:0.1,uncond,449,4.332171039206589,2.012206596419229,6.6074385988253255,4.276562181285238,1.9633990677081128,6.599535544250253,0.8894053414014297,0.9448988182197514,0.13676936847155022,76.59782134398054,80.87361145019531,13.243558345929282,0.49074358454924116,0.4822694957256317,0.11924625710553614,0.0,0.0,0.0,0.0,0.0,0.0,193.0913140311804,178.0,81.04703542560952,0.3958719377294732,0.3884615384615384,0.21034508350238235,0.23266257434388418,0.2151898734177215,0.16472975598493567
inv_folding_reproduction,cameo2022,dplm2_650m,argmax,uncond,183,5.625825649203911,3.980361028405994,5.372519213134382,5.568741655563378,3.9303575246894775,5.363660853408457,0.8613426257883225,0.9299952128189872,0.16109449576718005,77.633724765048,81.56079864501953,12.352030547177637,0.48155178357668915,0.5076923370361328,0.13390621931842475,0.0,0.0,0.0,0.0,0.0,0.0,247.4863387978142,230.0,147.49007034923713,0.36567020191070804,0.3679012345679012,0.20698118615528446,0.21930403917012994,0.2060301507537688,0.1489350537713562
inv_folding_reproduction,PDB_date,dplm2_150m,argmax,uncond,449,4.180644041977096,1.963167512794851,6.44801955539717,4.1270670916319245,1.9111425724295616,6.439259468643887,0.8945855695376872,0.9460941338802002,0.1335896494004124,77.32045400912618,81.02232360839844,12.904551232377996,0.49875025856070104,0.4902597367763519,0.11684610273694387,0.0,0.0,0.0,0.0,0.0,0.0,193.0913140311804,178.0,81.04703542560952,0.39580936250224885,0.3884615384615384,0.21023299490540565,0.23263293050097367,0.2147651006711409,0.16478893519189414
inv_folding_reproduction,PDB_date,dplm2_650m,argmax,uncond,449,3.4740163425418125,1.6821457142473264,6.122029251052139,3.4262739210943565,1.6152692195086071,6.116117105951124,0.9128618512615776,0.95685744586097,0.11602461653464334,80.15343921381009,83.24806213378906,11.616210749670614,0.5569865295709109,0.5412843823432922,0.14047102270692288,0.0,0.0,0.0,0.0,0.0,0.0,193.0913140311804,178.0,81.04703542560952,0.3958654657699711,0.3884615384615384,0.21031418205465427,0.2329267061420479,0.2167300380228136,0.16472348825245392
inv_folding_reproduction,PDB_date,dplm2_650m,annealing@2.0:0.1,uncond,449,3.5316139372783617,1.7279612540366052,6.09450811884759,3.4832582706338506,1.6705763755518996,6.087849594176107,0.9119711805791073,0.9540401451663132,0.11837662715348973,79.98869538678889,83.49962615966797,11.767823672596446,0.5477293142032517,0.5309446454048157,0.14536942155135513,0.0,0.0,0.0,0.0,0.0,0.0,193.0913140311804,178.0,81.04703542560952,0.39581034146024496,0.3884615384615384,0.2102884684684638,0.23285367354508696,0.2167300380228136,0.16467392053523686
inv_folding_remasking_strategies,cameo2022,dplm2_3b,annealing@2.0:0.1,uncond,183,5.174250563913368,3.621841412648082,5.322859474721658,5.120469087780901,3.5100646318119386,5.317298419858977,0.871781903951316,0.92977365049312,0.14801794047437952,79.77173391456813,81.7960205078125,9.522627766423179,0.5090754456370254,0.5308641791343689,0.1498695148179056,0.0,0.0,0.0,0.0,0.0,0.0,247.4863387978142,230.0,147.49007034923713,0.36594506032089896,0.3679012345679012,0.20680412288550848,0.21961928919589532,0.2060301507537688,0.14912241137041754
inv_folding_remasking_strategies,cameo2022,dplm2_3b,argmax,cond,183,5.084890740870496,3.4643817522373883,5.07329387619746,5.033478333509175,3.427466935724452,5.066878640552394,0.8697541992411689,0.9300000577606624,0.1530191690996174,79.83288076015118,82.15948486328125,10.23798839357751,0.5146342705670601,0.536912739276886,0.14538012872058273,0.0,0.0,0.0,0.0,0.0,0.0,247.4863387978142,230.0,147.49007034923713,0.3659203341630966,0.3679012345679012,0.20677781251220123,0.21968865841511984,0.2060301507537688,0.1489406145395294
inv_folding_remasking_strategies,cameo2022,dplm2_3b,argmax,uncond,183,5.138397092547073,3.627918397156072,5.151735047027021,5.086862134786162,3.653865452449874,5.145197933600351,0.8687335855748695,0.9305070650854022,0.15250419162623377,79.84377985052724,82.16946411132812,10.081143273425191,0.5152531191299522,0.533730149269104,0.1448890350090104,0.0,0.0,0.0,0.0,0.0,0.0,247.4863387978142,230.0,147.49007034923713,0.36594506032089896,0.3679012345679012,0.20680412288550848,0.21973118857286802,0.2060301507537688,0.1488637726269524
inv_folding_remasking_strategies,cameo2022,dplm2_3b,argmax,no_remask,183,5.151827878647333,3.4804210917692537,5.09417537946409,5.101673695835302,3.4557895220811545,5.08786932331681,0.8656277314731349,0.9319214778759424,0.15718154974145818,79.97889873108578,82.31011962890625,10.0281956878397,0.5176634141981927,0.5391498804092407,0.14421238000809694,0.0,0.0,0.0,0.0,0.0,0.0,247.4863387978142,230.0,147.49007034923713,0.36589560800529425,0.3679012345679012,0.20675203698049938,0.21967818923105478,0.2060301507537688,0.14890121828994884
inv_folding_remasking_strategies,cameo2022,dplm2_3b,annealing@2.0:0.1,cond,183,5.122717426126708,3.623479142866124,5.053795141444668,5.070215709692957,3.5417233102280954,5.048452300889379,0.8711113916131347,0.9292593541850168,0.14990614673984737,79.78292059768093,81.68550109863281,10.466412218809923,0.5138957307475512,0.5382716059684753,0.1467022138114494,0.0,0.0,0.0,0.0,0.0,0.0,247.4863387978142,230.0,147.49007034923713,0.36594506032089896,0.3679012345679012,0.20680412288550848,0.21976727022203427,0.2060301507537688,0.14891913216716812
inv_folding_remasking_strategies,cameo2022,dplm2_3b,annealing@2.0:0.1,no_remask,183,5.103860193822414,3.539829954236985,5.128627631074185,5.049781762736305,3.500887138637672,5.12229446204356,0.8711584142770771,0.9315814461609704,0.15096078102116908,79.59379308731829,81.87899017333984,10.600736330273648,0.5195531908605919,0.5473684072494507,0.14119365712154341,0.0,0.0,0.0,0.0,0.0,0.0,247.4863387978142,230.0,147.49007034923713,0.36594506032089896,0.3679012345679012,0.20680412288550848,0.21966567727518582,0.2060301507537688,0.14890440227970622
inv_folding_remasking_strategies,PDB_date,dplm2_3b,argmax,uncond,449,3.223774889540848,1.469914713818417,6.0010987381181495,3.178885327366321,1.433648598336298,5.9950332296974125,0.9186595630304484,0.9606559235265256,0.11524361226328853,81.59742642935772,84.90523529052734,10.42139328890548,0.6158231061391681,0.5866666436195374,0.17717489298126415,0.0,0.0,0.0,0.0,0.0,0.0,193.0913140311804,178.0,81.04703542560952,0.39590564057948985,0.3884615384615384,0.21029609007404876,0.23316637989386085,0.2172619047619047,0.16483904787761322
inv_folding_remasking_strategies,PDB_date,dplm2_3b,argmax,cond,449,3.2658193882578335,1.5157875854547602,6.043546805043336,3.2196001734441224,1.4700192686320692,6.037308111602447,0.9178460302234918,0.9605304040331192,0.11475976141371738,81.56933907676645,84.81414031982422,10.30220904457374,0.6159393143215796,0.5867508053779602,0.17694157542527744,0.0,0.0,0.0,0.0,0.0,0.0,193.0913140311804,178.0,81.04703542560952,0.395920588039169,0.3884615384615384,0.2103244759873755,0.2331273067097871,0.2172619047619047,0.16480074039173068
inv_folding_remasking_strategies,PDB_date,dplm2_3b,argmax,no_remask,449,3.239914412298807,1.4685994058355227,5.998946917925262,3.1951272989357324,1.433648598336298,5.992915007449986,0.9186497860519358,0.960831533604073,0.11503030738493439,81.66491491067117,84.94216918945312,10.308126184604296,0.6167053110681823,0.5872092843055725,0.1766000017969974,0.0,0.0,0.0,0.0,0.0,0.0,193.0913140311804,178.0,81.04703542560952,0.39590564057948985,0.3884615384615384,0.21029609007404876,0.2330888260333296,0.2172619047619047,0.1647708273055216
inv_folding_remasking_strategies,PDB_date,dplm2_150m,annealing@2.0:0.1,no_remask,449,4.207841865589607,2.036297384692323,6.457819609317071,4.155421596522936,1.989348439226444,6.449608944576802,0.8970149501241177,0.947951718414318,0.12896684387763865,77.46942410543394,81.22071838378906,12.657003320283808,0.5017837828278277,0.4937500059604645,0.1144273806570722,0.0,0.0,0.0,0.0,0.0,0.0,193.0913140311804,178.0,81.04703542560952,0.3957875383016213,0.3884615384615384,0.21022493789519736,0.23258212052292385,0.2151898734177215,0.16475606119413277
inv_folding_remasking_strategies,PDB_date,dplm2_150m,argmax,no_remask,449,4.120246729563155,1.9214833680291987,6.388252301603503,4.06686552373305,1.883554650916244,6.3797340433777565,0.8971160224473252,0.9489429497584724,0.131591539538492,77.49428791989197,81.07991790771484,12.810788809233786,0.5010383223704081,0.4911242723464966,0.11485280054983733,0.0,0.0,0.0,0.0,0.0,0.0,193.0913140311804,178.0,81.04703542560952,0.3957875383016213,0.3884615384615384,0.21022493789519736,0.2326018293325949,0.2147651006711409,0.16483991060870892
inv_folding_remasking_strategies,cameo2022,dplm2_650m,annealing@2.0:0.1,cond,183,5.296813762675544,3.767547346753143,5.0379851407429115,5.240141866415837,3.716953660567668,5.029392298323166,0.8586996586028721,0.925283512533879,0.1588982111618256,77.97527713462955,81.2230224609375,11.723701198377768,0.47705443199377895,0.4930555522441864,0.1303954809639264,0.0,0.0,0.0,0.0,0.0,0.0,247.4863387978142,230.0,147.49007034923713,0.3656579771212801,0.3679012345679012,0.20697668730793542,0.2190930612729525,0.2060301507537688,0.14899508650549825
inv_folding_remasking_strategies,cameo2022,dplm2_650m,annealing@2.0:0.1,no_remask,183,5.484381981702451,3.89014366777742,5.08926389180701,5.428010357932508,3.857339033423487,5.080689565774747,0.8639294405543887,0.930187883384878,0.15789914825934,77.5146889399961,81.06507110595703,12.046066183373846,0.48221868044528804,0.5,0.13066735880575145,0.0,0.0,0.0,0.0,0.0,0.0,247.4863387978142,230.0,147.49007034923713,0.36567020191070804,0.3679012345679012,0.20698118615528446,0.21920772105156539,0.2060301507537688,0.14910781736829457
inv_folding_remasking_strategies,PDB_date,dplm2_650m,argmax,cond,449,3.4445132029489365,1.7042993162813085,6.156332596094128,3.3965299265715916,1.6540015540076305,6.150723519646556,0.909779616376455,0.954437554510176,0.12165196792826906,80.13825971777561,83.27071380615234,11.493472160466078,0.5569509213379603,0.5412843823432922,0.14040419578133298,0.0,0.0,0.0,0.0,0.0,0.0,193.0913140311804,178.0,81.04703542560952,0.3958251727880884,0.3884615384615384,0.21032786431705644,0.23296362058667008,0.2167300380228136,0.16474247609009002
inv_folding_remasking_strategies,PDB_date,dplm2_150m,argmax,cond,449,4.140253011471243,1.967736121440468,6.406757396369015,4.086900893603538,1.925869261243812,6.398895919496873,0.8972893380470469,0.9480465000443492,0.13006116412499708,77.32338846287377,81.04484558105469,12.771870022631841,0.49977995438671324,0.4899497628211975,0.11641976033842856,0.0,0.0,0.0,0.0,0.0,0.0,193.0913140311804,178.0,81.04703542560952,0.3957642171341636,0.3884615384615384,0.21020843834303554,0.23256850518365416,0.2147651006711409,0.16471695101128145
inv_folding_remasking_strategies,PDB_date,dplm2_150m,annealing@2.0:0.1,cond,449,4.275615829119115,2.0055354428831778,6.560233310205281,4.221025217471278,1.9598613935289544,6.55293799344556,0.8948661877611152,0.9456639924605772,0.12866925240255322,77.28562780265553,81.06541442871094,12.514979671841251,0.4960645009786355,0.4865771830081939,0.11626317003229417,0.0,0.0,0.0,0.0,0.0,0.0,193.0913140311804,178.0,81.04703542560952,0.39578068512615777,0.3884615384615384,0.2102812586688741,0.23250501522332329,0.2151898734177215,0.16462397059224662
inv_folding_remasking_strategies,cameo2022,dplm2_150m,argmax,no_remask,183,6.372132365743617,4.1196320805174125,5.97898077258988,6.3112981130779415,4.095907699758815,5.971743420610191,0.8456217350797264,0.9206110308803238,0.17148563604652767,75.29661905048975,79.26561737060547,12.940640904329346,0.44493472714567445,0.4599056541919708,0.11627421983222967,0.0,0.0,0.0,0.0,0.0,0.0,247.4863387978142,230.0,147.49007034923713,0.36581851695704876,0.3679458239277652,0.20679038132576902,0.21928968040701427,0.2098445595854922,0.14888293211420123
inv_folding_remasking_strategies,cameo2022,dplm2_150m,annealing@2.0:0.1,no_remask,183,6.387977579873907,3.9119204565198,5.983306466931634,6.326680894199704,3.8492861845462,5.976748370196653,0.8460261334390143,0.9225326472735288,0.17103989452700538,75.46054384617206,79.73249816894531,13.202607170106262,0.44483716977261456,0.4585062265396118,0.11650288191063561,0.0,0.0,0.0,0.0,0.0,0.0,247.4863387978142,230.0,147.49007034923713,0.36581851695704876,0.3679458239277652,0.20679038132576902,0.21931446996522125,0.2098445595854922,0.14889701977206518
inv_folding_remasking_strategies,cameo2022,dplm2_650m,argmax,no_remask,183,5.427969181147799,3.8394131641353297,5.169753151625746,5.374335956400332,3.753269152035248,5.162788445165853,0.8624133032278165,0.930081276012634,0.1620352638407186,77.92633489181435,81.46554565429688,11.870662565918007,0.4828478853152098,0.5,0.1313430183540139,0.0,0.0,0.0,0.0,0.0,0.0,247.4863387978142,230.0,147.49007034923713,0.36567020191070804,0.3679012345679012,0.20698118615528446,0.21930764250778087,0.2060301507537688,0.14900373332927622
inv_folding_remasking_strategies,cameo2022,dplm2_150m,argmax,cond,183,6.543764540494368,4.25433778298223,7.068388768751602,6.481441752174399,4.168528398891196,7.0629090122438845,0.8413930675500737,0.9163432906580482,0.17181996313467746,74.87173211769979,78.23148345947266,13.545159749021261,0.44193232136834515,0.4605809152126312,0.11911059151608525,0.0,0.0,0.0,0.0,0.0,0.0,247.4863387978142,230.0,147.49007034923713,0.36553971691244086,0.3679458239277652,0.20639567006512227,0.21939679627941283,0.2098445595854922,0.14896156305011202
inv_folding_remasking_strategies,cameo2022,dplm2_150m,annealing@2.0:0.1,cond,183,6.171895360791904,3.990190546297032,5.726862375711578,6.107262154476937,3.9649603422181294,5.718441438943762,0.8433512901711203,0.915546484323086,0.1731933039159482,74.7622208829786,78.35166931152344,13.599703470604032,0.4405434799731755,0.4590163826942444,0.11728616926832676,0.0,0.0,0.0,0.0,0.0,0.0,247.4863387978142,230.0,147.49007034923713,0.36580200449747025,0.3679458239277652,0.2069134861506105,0.21926363088867412,0.2098445595854922,0.14897048700179613
inv_folding_remasking_strategies,cameo2022,dplm2_650m,argmax,cond,183,5.527125071007567,3.8501578880598633,5.358058545012206,5.471513001335369,3.8176407215221495,5.3519475842305715,0.8625930833879862,0.9339418540700952,0.16396879188942362,77.71642993447558,81.56079864501953,12.297178335400277,0.48207228158503934,0.5065616965293884,0.13385006434573096,0.0,0.0,0.0,0.0,0.0,0.0,247.4863387978142,230.0,147.49007034923713,0.36567020191070804,0.3679012345679012,0.20698118615528446,0.21929632973003754,0.2060301507537688,0.14897609285472269
inv_folding_remasking_strategies,PDB_date,dplm2_650m,annealing@2.0:0.1,cond,449,3.4469414847448143,1.6963606193143783,6.026670547409087,3.399361137648514,1.6677498074913044,6.021801427625768,0.9123104586595551,0.954751121471871,0.11546865665705655,80.23152668704434,83.37812042236328,11.197790208790483,0.5515884718544499,0.5351758599281311,0.14242382231531292,0.0,0.0,0.0,0.0,0.0,0.0,193.0913140311804,178.0,81.04703542560952,0.39586168379615727,0.3884615384615384,0.2103430986479054,0.23271014179816413,0.2167300380228136,0.1645105919246989
inv_folding_remasking_strategies,PDB_date,dplm2_650m,annealing@2.0:0.1,no_remask,449,3.4243777296731785,1.7053061671601306,6.070967935490235,3.3770002667753833,1.651226820540368,6.0653703217352115,0.9127291210830794,0.9560304457400408,0.11980257868024363,80.29676035517839,83.80521392822266,11.697563164837494,0.5574771962014498,0.5432098507881165,0.14024924692720056,0.0,0.0,0.0,0.0,0.0,0.0,193.0913140311804,178.0,81.04703542560952,0.3958505777860984,0.3884615384615384,0.21031564495930996,0.23293089360802197,0.2155688622754491,0.16473108596350097
inv_folding_remasking_strategies,PDB_date,dplm2_650m,argmax,no_remask,449,3.4371783251055725,1.721229788160848,6.012691184512997,3.390355408347599,1.6786097840686809,6.006942256466504,0.9114314132031709,0.9585008225957448,0.11942849090552425,80.10997800253547,83.43714904785156,11.819642108110568,0.5572833896745286,0.5400843620300293,0.14045718025518336,0.0,0.0,0.0,0.0,0.0,0.0,193.0913140311804,178.0,81.04703542560952,0.39584376686410383,0.3884615384615384,0.2103159363211581,0.23287527292144378,0.2155688622754491,0.16466727092908348
inv_folding_remasking_strategies,PDB_date,dplm2_3b,annealing@2.0:0.1,uncond,449,3.249318471713406,1.5048282655810157,6.05510662471548,3.2029532718408045,1.4673700105665657,6.048374356190628,0.9183669266504468,0.9578001801909848,0.11342674619694587,81.63643758812036,84.67512512207031,9.946928345037186,0.6134215968024226,0.5843621492385864,0.17971697830657216,0.0,0.0,0.0,0.0,0.0,0.0,193.0913140311804,178.0,81.04703542560952,0.3959451140310959,0.3883792048929663,0.210274879535067,0.23299286958483226,0.2167300380228136,0.1647195272858039
inv_folding_remasking_strategies,PDB_date,dplm2_3b,annealing@2.0:0.1,cond,449,3.1720472818782013,1.5627238790309643,5.866795686416998,3.126594434800384,1.5259141278399584,5.8605824924639345,0.9197326369531349,0.9594331751750532,0.11235829793191573,81.36361325185389,84.81227111816406,10.52543324588126,0.6157206520272257,0.5851528644561768,0.17842331900662872,0.0,0.0,0.0,0.0,0.0,0.0,193.0913140311804,178.0,81.04703542560952,0.3959365878343717,0.3884615384615384,0.21029018984490036,0.23303767736672062,0.2172619047619047,0.16468582258653677
inv_folding_remasking_strategies,PDB_date,dplm2_3b,annealing@2.0:0.1,no_remask,449,3.267669009989214,1.5024817155869188,6.063701521436445,3.2226976239969174,1.4568830949662226,6.0571477086169505,0.9195531992361692,0.9601709789731466,0.11557703162129193,81.65097637218993,84.83859252929688,10.330676986584654,0.6181672308054692,0.5884955525398254,0.17707604259890297,0.0,0.0,0.0,0.0,0.0,0.0,193.0913140311804,178.0,81.04703542560952,0.39594831216562804,0.3884615384615384,0.21032889522066298,0.23315032312019615,0.2172619047619047,0.16482091119438363
inv_folding_remasking_strategies,PDB_date,dplm2_bit_650m,annealing@2.0:0.1,no_remask,449,2.930074222879866,1.389353558035071,5.87980610848487,2.886560802118731,1.334765055524763,5.873605081617968,0.9253509444110442,0.9656326295149004,0.11936882557772789,82.11103624118728,85.4953384399414,10.815599086173075,0.7828893299092163,0.8603895902633667,0.20408018426338168,0.0,0.0,0.0,0.0,0.0,0.0,193.0913140311804,178.0,81.04703542560952,0.3959244795933182,0.3884615384615384,0.21031044169301877,0.2333363666292961,0.2172619047619047,0.16480493986721367
inv_folding_remasking_strategies,PDB_date,dplm2_bit_650m,annealing@2.0:0.1,cond,449,2.8823700521907965,1.3500225649323392,5.790859484808963,2.839770608791222,1.3052860789396143,5.78466394987841,0.9275195933588564,0.967708008854606,0.11710346469202369,82.15437465149469,85.54312133789062,10.681953344248448,0.7817936607352344,0.8663793206214905,0.20605703953265186,0.0,0.0,0.0,0.0,0.0,0.0,193.0913140311804,178.0,81.04703542560952,0.3959438463019461,0.3884615384615384,0.21031041572569273,0.23333675893034103,0.2172619047619047,0.1648253805394702
inv_folding_remasking_strategies,PDB_date,dplm2_bit_650m,annealing@2.0:0.1,uncond,449,2.9152884198134488,1.363784345464343,5.826567798841748,2.872708155401526,1.3307678810257908,5.820493515662801,0.9263100273171767,0.9653366130429128,0.11663492331293068,82.09055301606787,85.45184326171875,10.889107711075404,0.7815274722990321,0.8628571629524231,0.20587413547184238,0.0,0.0,0.0,0.0,0.0,0.0,193.0913140311804,178.0,81.04703542560952,0.3959438463019461,0.3884615384615384,0.21031041572569273,0.23338038750656767,0.2172619047619047,0.16483355477090467
inv_folding_remasking_strategies,PDB_date,dplm2_bit_650m,argmax,uncond,449,2.9870018037636936,1.3737070526187551,5.867250248751195,2.944594898982726,1.330230496342942,5.861305797756924,0.9247540530857428,0.9648541732392673,0.12075162619658145,81.98862815381159,85.54312133789062,11.203287920611997,0.7825182819021306,0.8650306463241577,0.2046536354789861,0.0,0.0,0.0,0.0,0.0,0.0,193.0913140311804,178.0,81.04703542560952,0.3959438463019461,0.3884615384615384,0.21031041572569273,0.23338038750656767,0.2172619047619047,0.1648057506995132
inv_folding_remasking_strategies,PDB_date,dplm2_bit_650m,argmax,cond,449,2.984489364959074,1.3570237736579476,5.8671061113977006,2.9421368131773886,1.3271277690868215,5.860779648509086,0.9248084562074518,0.9648541732392673,0.1202352060263032,81.96051457411463,85.47379302978516,11.261600229790565,0.7825854956970979,0.8652037382125854,0.2047522179392417,0.0,0.0,0.0,0.0,0.0,0.0,193.0913140311804,178.0,81.04703542560952,0.3959438463019461,0.3884615384615384,0.21031041572569273,0.23338038750656767,0.2172619047619047,0.1648057506995132
inv_folding_remasking_strategies,PDB_date,dplm2_bit_650m,argmax,no_remask,449,2.991345106841515,1.3536516378869974,5.886784135989153,2.948662584246297,1.3193009594545768,5.880375073918968,0.9246342500314141,0.9648718173729978,0.11989865840207889,82.01253262713121,85.62348937988281,11.23381454431134,0.7824626496613424,0.8668830990791321,0.204784541153198,0.0,0.0,0.0,0.0,0.0,0.0,193.0913140311804,178.0,81.04703542560952,0.3959438463019461,0.3884615384615384,0.21031041572569273,0.23336736311187642,0.2172619047619047,0.16480963597239498
inv_folding_remasking_strategies,cameo2022,dplm2_bit_650m,argmax,uncond,183,5.362268927726825,3.555366584097717,5.358448887665054,5.305507147570859,3.5251141856987567,5.353145644587834,0.8670478474387582,0.9268292505402476,0.1425942286092954,77.74831443536478,80.42729949951172,11.278339714315045,0.5327866736168418,0.5,0.2060211741652621,0.0,0.0,0.0,0.0,0.0,0.0,247.4863387978142,230.0,147.49007034923713,0.3657981499991194,0.3679012345679012,0.20682228076282388,0.21942545841495947,0.2054263565891473,0.14887151523006223
inv_folding_remasking_strategies,cameo2022,dplm2_bit_650m,argmax,cond,183,5.364869199725604,3.590498714469093,5.35269730297462,5.308221369398135,3.5251141856987567,5.34661990975476,0.865871375033465,0.9254037883031704,0.14365919902774915,77.735095383691,80.43601989746094,11.41041148052006,0.5327904280580458,0.5,0.20617930574595186,0.0,0.0,0.0,0.0,0.0,0.0,247.4863387978142,230.0,147.49007034923713,0.3657981499991194,0.3679012345679012,0.20682228076282388,0.21942545841495947,0.2054263565891473,0.14887151523006223
inv_folding_remasking_strategies,cameo2022,dplm2_bit_650m,argmax,no_remask,183,5.24166498602617,3.516203738011152,5.0939085296031275,5.185029278380877,3.4901633094919973,5.087252617564414,0.8673521157425157,0.9282633260763368,0.1434091421997488,77.76935677450211,80.4032974243164,11.172118263142366,0.5331562276664978,0.5,0.20622761370981055,0.0,0.0,0.0,0.0,0.0,0.0,247.4863387978142,230.0,147.49007034923713,0.36578399331291656,0.3679012345679012,0.20682843312420143,0.21923455927951244,0.2054263565891473,0.1486315525205974
inv_folding_remasking_strategies,cameo2022,dplm2_bit_650m,annealing@2.0:0.1,uncond,183,5.379713380132652,3.560419954591871,5.316948212889226,5.323106433132227,3.5177502247232915,5.310108990920861,0.8647316438671484,0.929587579536271,0.15070108323870426,77.27994706200772,80.46464538574219,11.58216726996874,0.5276413085193582,0.4923664033412933,0.21098671462680788,0.0,0.0,0.0,0.0,0.0,0.0,247.4863387978142,230.0,147.49007034923713,0.365745568606017,0.3679012345679012,0.20680696903905044,0.21931186031763475,0.2054263565891473,0.14873808471929434
inv_folding_remasking_strategies,cameo2022,dplm2_bit_650m,annealing@2.0:0.1,cond,183,5.330464366549724,3.520345916387345,5.192132769660309,5.273858456186881,3.469281500982228,5.184594086928905,0.8640891291678394,0.9273151670910508,0.15312276771402925,77.94002430816818,80.66985321044922,11.077308590330569,0.53012117352642,0.496221661567688,0.20898804332295465,0.0,0.0,0.0,0.0,0.0,0.0,247.4863387978142,230.0,147.49007034923713,0.3657805226414604,0.3679012345679012,0.20682857519327355,0.21933127575516403,0.2054263565891473,0.14868176428115393
inv_folding_remasking_strategies,cameo2022,dplm2_bit_650m,annealing@2.0:0.1,no_remask,183,5.244639591443647,3.4573876405136703,5.1300782058979415,5.191983981621038,3.4002166559026725,5.123722467870489,0.8670474215855486,0.9279168054456756,0.1445000457958243,77.91544454605852,80.60148620605469,11.1967985671086,0.534517027152692,0.5,0.20613191084365406,0.0,0.0,0.0,0.0,0.0,0.0,247.4863387978142,230.0,147.49007034923713,0.3657805226414604,0.3679012345679012,0.20682857519327355,0.2194141014195838,0.2054263565891473,0.14887867749609782
